{
  "dataset": "SSL_Renegotiation_20pct",
  "n_total": 385446,
  "n_benign": 366957,
  "n_malicious": 18489,
  "attack_rate": 0.047968,
  "AUC": 0.984619,
  "AUPRC": 0.651036,
  "EER": 0.039816,
  "TPR_at_FPR_0": 0.0,
  "FNR_at_FPR_0": 1.0,
  "threshold_FPR_0": Infinity,
  "TPR_at_FPR_0001": 0.037806,
  "FNR_at_FPR_0001": 0.962194,
  "threshold_FPR_0001": 17866697382206.934,
  "threshold_opt": 33424778.772033,
  "F1_optimal": 0.747884,
  "Precision_opt": 0.668699,
  "Recall_opt": 0.848342,
  "TP": 15685,
  "FP": 7771,
  "FN": 2804,
  "TN": 359186,
  "mean_score_benign": 104309085575.9891,
  "mean_score_attack": 4025840409237.9346,
  "median_score_benign": 0.036506,
  "median_score_attack": 106743347059.5042,
  "std_score_benign": 3750637424467.615,
  "std_score_attack": 22117024605225.3,
  "max_score": 670520251969194.1,
  "min_score": 0.007792,
  "runtime_sec": 428.6463,
  "rows_per_sec": 899.2168,
  "original_rows_seen": 440446,
  "FMgrace": 5000,
  "ADgrace": 50000,
  "warmup_rows": 55000,
  "max_cluster_size": 10,
  "n_clusters": 12,
  "cluster_sizes": [
    10,
    10,
    10,
    10,
    10,
    10,
    10,
    10,
    10,
    10,
    10,
    5
  ],
  "phase_fm_rows": 5000,
  "phase_ad_rows": 50000,
  "phase_exec_rows": 385446,
  "phi_train_max": 0.679678
}