{
  "dataset": "Active_Wiretap_20pct",
  "n_total": 399493,
  "n_benign": 215391,
  "n_malicious": 184102,
  "attack_rate": 0.460839,
  "AUC": 0.428164,
  "AUPRC": 0.404969,
  "EER": 0.56441,
  "TPR_at_FPR_0": 3.3e-05,
  "FNR_at_FPR_0": 0.999967,
  "threshold_FPR_0": 425424065.799913,
  "TPR_at_FPR_0001": 0.003444,
  "FNR_at_FPR_0001": 0.996556,
  "threshold_FPR_0001": 0.293015,
  "threshold_opt": 0.043276,
  "F1_optimal": 0.664846,
  "Precision_opt": 0.500038,
  "Recall_opt": 0.9917,
  "TP": 182574,
  "FP": 182546,
  "FN": 1528,
  "TN": 32845,
  "mean_score_benign": 19771.171464,
  "mean_score_attack": 40793.054111,
  "median_score_benign": 0.100916,
  "median_score_attack": 0.093022,
  "std_score_benign": 2058698.937348,
  "std_score_attack": 3433312.259511,
  "max_score": 499141724.120794,
  "min_score": 0.006474,
  "runtime_sec": 546.9366,
  "rows_per_sec": 730.4192,
  "original_rows_seen": 454493,
  "FMgrace": 5000,
  "ADgrace": 50000,
  "warmup_rows": 55000,
  "max_cluster_size": 10,
  "n_clusters": 16,
  "cluster_sizes": [
    10,
    6,
    10,
    10,
    10,
    10,
    5,
    10,
    1,
    10,
    5,
    6,
    5,
    5,
    2,
    10
  ],
  "phase_fm_rows": 5000,
  "phase_ad_rows": 50000,
  "phase_exec_rows": 399493,
  "phi_train_max": 0.733186
}