{
  "dataset": "Video_Injection_20pct",
  "n_total": 438024,
  "n_benign": 417701,
  "n_malicious": 20323,
  "attack_rate": 0.046397,
  "AUC": 0.924218,
  "AUPRC": 0.404739,
  "EER": 0.155234,
  "TPR_at_FPR_0": 0.0,
  "FNR_at_FPR_0": 1.0,
  "threshold_FPR_0": Infinity,
  "TPR_at_FPR_0001": 0.006594,
  "FNR_at_FPR_0001": 0.993406,
  "threshold_FPR_0001": 0.291592,
  "threshold_opt": 0.060112,
  "F1_optimal": 0.575591,
  "Precision_opt": 0.51033,
  "Recall_opt": 0.659991,
  "TP": 13413,
  "FP": 12870,
  "FN": 6910,
  "TN": 404831,
  "mean_score_benign": 606132449872360.6,
  "mean_score_attack": 0.301489,
  "median_score_benign": 0.048057,
  "median_score_attack": 0.066694,
  "std_score_benign": 2.0324625131793622e+17,
  "std_score_attack": 21.459379,
  "max_score": 8.947914722256139e+19,
  "min_score": 0.004164,
  "runtime_sec": 485.9255,
  "rows_per_sec": 901.4221,
  "original_rows_seen": 493024,
  "FMgrace": 5000,
  "ADgrace": 50000,
  "warmup_rows": 55000,
  "max_cluster_size": 10,
  "n_clusters": 12,
  "cluster_sizes": [
    10,
    10,
    10,
    10,
    10,
    10,
    10,
    10,
    10,
    10,
    10,
    5
  ],
  "phase_fm_rows": 5000,
  "phase_ad_rows": 50000,
  "phase_exec_rows": 438024,
  "phi_train_max": 0.847111
}