{
  "dataset": "Mirai_Botnet_20pct",
  "n_total": 132339,
  "n_benign": 4234,
  "n_malicious": 128105,
  "attack_rate": 0.968006,
  "AUC": 0.941199,
  "AUPRC": 0.998019,
  "EER": 0.109358,
  "TPR_at_FPR_0": 0.881418,
  "FNR_at_FPR_0": 0.118582,
  "threshold_FPR_0": 0.281653,
  "TPR_at_FPR_0001": 0.88155,
  "FNR_at_FPR_0001": 0.11845,
  "threshold_FPR_0001": 0.249848,
  "threshold_opt": 0.003658,
  "F1_optimal": 0.983743,
  "Precision_opt": 0.968006,
  "Recall_opt": 1.0,
  "TP": 128105,
  "FP": 4234,
  "FN": 0,
  "TN": 0,
  "mean_score_benign": 0.02905,
  "mean_score_attack": 26.217844,
  "median_score_benign": 0.019964,
  "median_score_attack": 31.744628,
  "std_score_benign": 0.026344,
  "std_score_attack": 10.911426,
  "max_score": 32.638258,
  "min_score": 0.003658,
  "runtime_sec": 134.3054,
  "rows_per_sec": 985.3589,
  "original_rows_seen": 152339,
  "FMgrace": 2000,
  "ADgrace": 18000,
  "warmup_rows": 20000,
  "max_cluster_size": 10,
  "n_clusters": 12,
  "cluster_sizes": [
    10,
    10,
    10,
    10,
    10,
    10,
    10,
    10,
    10,
    10,
    10,
    5
  ],
  "phase_fm_rows": 2000,
  "phase_ad_rows": 18000,
  "phase_exec_rows": 132339,
  "phi_train_max": 0.750109
}