{
  "dataset": "ARP_MitM_20pct",
  "n_total": 444334,
  "n_benign": 216155,
  "n_malicious": 228179,
  "attack_rate": 0.51353,
  "AUC": 0.71654,
  "AUPRC": 0.641364,
  "EER": 0.292421,
  "TPR_at_FPR_0": 0.0,
  "FNR_at_FPR_0": 1.0,
  "threshold_FPR_0": Infinity,
  "TPR_at_FPR_0001": 0.004974,
  "FNR_at_FPR_0001": 0.995026,
  "threshold_FPR_0001": 0.204054,
  "threshold_opt": 0.076307,
  "F1_optimal": 0.748022,
  "Precision_opt": 0.599682,
  "Recall_opt": 0.993869,
  "TP": 226780,
  "FP": 151387,
  "FN": 1399,
  "TN": 64768,
  "mean_score_benign": 4347230716303.6245,
  "mean_score_attack": 41545595706.118225,
  "median_score_benign": 0.104032,
  "median_score_attack": 0.144065,
  "std_score_benign": 1043993631231181.4,
  "std_score_attack": 12710767240800.594,
  "max_score": 3.180508055615215e+17,
  "min_score": 0.009103,
  "runtime_sec": 476.938,
  "rows_per_sec": 931.6389,
  "original_rows_seen": 499334,
  "FMgrace": 5000,
  "ADgrace": 50000,
  "warmup_rows": 55000,
  "max_cluster_size": 10,
  "n_clusters": 12,
  "cluster_sizes": [
    10,
    10,
    10,
    10,
    10,
    10,
    10,
    10,
    10,
    10,
    10,
    5
  ],
  "phase_fm_rows": 5000,
  "phase_ad_rows": 50000,
  "phase_exec_rows": 444334,
  "phi_train_max": 0.787913
}