{
  "mirai3": {
    "dataset": "mirai3",
    "n_total": 50000,
    "n_malicious": 25000,
    "n_benign": 25000,
    "TPR_at_FPR_0": 0.0,
    "FNR_at_FPR_0": 1.0,
    "threshold_FPR_0": Infinity,
    "TPR_at_FPR_0001": 0.00012,
    "FNR_at_FPR_0001": 0.99988,
    "threshold_FPR_0001": 8.515050516392264e+16,
    "AUC": 0.907256,
    "EER": 0.1293,
    "F1_optimal": 0.904885,
    "Precision_opt": 0.866691,
    "Recall_opt": 0.9466,
    "threshold_opt": 43679.746694,
    "TP": 23665,
    "FP": 3640,
    "FN": 1335,
    "TN": 21360
  }
}