{
  "dataset": "Fuzzing_20pct",
  "n_total": 392693,
  "n_benign": 306406,
  "n_malicious": 86287,
  "attack_rate": 0.219731,
  "AUC": 0.361029,
  "AUPRC": 0.172866,
  "EER": 0.658512,
  "TPR_at_FPR_0": 0.0,
  "FNR_at_FPR_0": 1.0,
  "threshold_FPR_0": Infinity,
  "TPR_at_FPR_0001": 0.006722,
  "FNR_at_FPR_0001": 0.993278,
  "threshold_FPR_0001": 0.213646,
  "threshold_opt": 0.049317,
  "F1_optimal": 0.417762,
  "Precision_opt": 0.264349,
  "Recall_opt": 0.99548,
  "TP": 85897,
  "FP": 239041,
  "FN": 390,
  "TN": 67365,
  "mean_score_benign": 0.07065,
  "mean_score_attack": 0.057488,
  "median_score_benign": 0.059105,
  "median_score_attack": 0.053187,
  "std_score_benign": 0.041122,
  "std_score_attack": 0.023243,
  "max_score": 0.984216,
  "min_score": 0.005795,
  "runtime_sec": 427.8066,
  "rows_per_sec": 917.9217,
  "original_rows_seen": 447693,
  "FMgrace": 5000,
  "ADgrace": 50000,
  "warmup_rows": 55000,
  "max_cluster_size": 10,
  "n_clusters": 12,
  "cluster_sizes": [
    10,
    10,
    10,
    10,
    10,
    10,
    10,
    10,
    10,
    10,
    10,
    5
  ],
  "phase_fm_rows": 5000,
  "phase_ad_rows": 50000,
  "phase_exec_rows": 392693,
  "phi_train_max": 0.774411
}