{
  "dataset": "mirai3",
  "n_total": 50000,
  "n_malicious": 25000,
  "n_benign": 25000,
  "TPR_at_FPR_0": 0.0,
  "FNR_at_FPR_0": 1.0,
  "threshold_FPR_0": Infinity,
  "TPR_at_FPR_0001": 0.00012,
  "FNR_at_FPR_0001": 0.99988,
  "threshold_FPR_0001": 9.724872993249936e+16,
  "AUC": 0.907244,
  "EER": 0.1293,
  "F1_optimal": 0.904873,
  "Precision_opt": 0.866938,
  "Recall_opt": 0.94628,
  "threshold_opt": 49886.308269,
  "TP": 23657,
  "FP": 3631,
  "FN": 1343,
  "TN": 21369
}