{
  "dataset": "SYN_DoS_20pct",
  "n_total": 497796,
  "n_benign": 496386,
  "n_malicious": 1410,
  "attack_rate": 0.002832,
  "AUC": 0.959001,
  "AUPRC": 0.031879,
  "EER": 0.077401,
  "TPR_at_FPR_0": 0.0,
  "FNR_at_FPR_0": 1.0,
  "threshold_FPR_0": Infinity,
  "TPR_at_FPR_0001": 0.000709,
  "FNR_at_FPR_0001": 0.999291,
  "threshold_FPR_0001": 13068806896.515123,
  "threshold_opt": 0.221986,
  "F1_optimal": 0.096055,
  "Precision_opt": 0.051104,
  "Recall_opt": 0.797872,
  "TP": 1125,
  "FP": 20889,
  "FN": 285,
  "TN": 475497,
  "mean_score_benign": 1922342.501515,
  "mean_score_attack": 9268657.599706,
  "median_score_benign": 0.04667,
  "median_score_attack": 0.234392,
  "std_score_benign": 1006033014.477906,
  "std_score_attack": 347914336.280385,
  "max_score": 630610650369.9232,
  "min_score": 0.006012,
  "runtime_sec": 524.424,
  "rows_per_sec": 949.2243,
  "original_rows_seen": 552796,
  "FMgrace": 5000,
  "ADgrace": 50000,
  "warmup_rows": 55000,
  "max_cluster_size": 10,
  "n_clusters": 12,
  "cluster_sizes": [
    10,
    10,
    10,
    10,
    10,
    10,
    10,
    10,
    10,
    10,
    10,
    5
  ],
  "phase_fm_rows": 5000,
  "phase_ad_rows": 50000,
  "phase_exec_rows": 497796,
  "phi_train_max": 0.596231
}