{
  "dataset": "OS_Scan_20pct",
  "n_total": 283733,
  "n_benign": 270579,
  "n_malicious": 13154,
  "attack_rate": 0.04636,
  "AUC": 0.976124,
  "AUPRC": 0.507661,
  "EER": 0.045999,
  "TPR_at_FPR_0": 0.0,
  "FNR_at_FPR_0": 1.0,
  "threshold_FPR_0": Infinity,
  "TPR_at_FPR_0001": 0.022275,
  "FNR_at_FPR_0001": 0.977725,
  "threshold_FPR_0001": 11.790994,
  "threshold_opt": 0.295997,
  "F1_optimal": 0.667771,
  "Precision_opt": 0.502223,
  "Recall_opt": 0.996123,
  "TP": 13103,
  "FP": 12987,
  "FN": 51,
  "TN": 257592,
  "mean_score_benign": 161012612.804555,
  "mean_score_attack": 3203028921.283163,
  "median_score_benign": 0.06716,
  "median_score_attack": 5.404302,
  "std_score_benign": 83754111856.37724,
  "std_score_attack": 361411434546.8064,
  "max_score": 43566631657981.77,
  "min_score": 0.004239,
  "runtime_sec": 329.7123,
  "rows_per_sec": 860.5472,
  "original_rows_seen": 338733,
  "FMgrace": 5000,
  "ADgrace": 50000,
  "warmup_rows": 55000,
  "max_cluster_size": 10,
  "n_clusters": 12,
  "cluster_sizes": [
    10,
    10,
    10,
    10,
    10,
    10,
    10,
    10,
    10,
    10,
    10,
    5
  ],
  "phase_fm_rows": 5000,
  "phase_ad_rows": 50000,
  "phase_exec_rows": 283733,
  "phi_train_max": 0.553375
}