{
  "dataset": "SSDP_Flood_20pct",
  "n_total": 758238,
  "n_benign": 471194,
  "n_malicious": 287044,
  "attack_rate": 0.378567,
  "AUC": 0.999879,
  "AUPRC": 0.99962,
  "EER": 0.000996,
  "TPR_at_FPR_0": 0.008706,
  "FNR_at_FPR_0": 0.991294,
  "threshold_FPR_0": 47.856727,
  "TPR_at_FPR_0001": 0.999014,
  "FNR_at_FPR_0001": 0.000986,
  "threshold_FPR_0001": 1.642751,
  "threshold_opt": 1.909488,
  "F1_optimal": 0.999077,
  "Precision_opt": 0.999306,
  "Recall_opt": 0.998847,
  "TP": 286713,
  "FP": 199,
  "FN": 331,
  "TN": 470995,
  "mean_score_benign": 0.070561,
  "mean_score_attack": 33.023944,
  "median_score_benign": 0.046771,
  "median_score_attack": 31.057852,
  "std_score_benign": 0.573339,
  "std_score_attack": 6.390533,
  "max_score": 49.711167,
  "min_score": 0.0092,
  "runtime_sec": 1121.2013,
  "rows_per_sec": 676.2729,
  "original_rows_seen": 813238,
  "FMgrace": 5000,
  "ADgrace": 50000,
  "warmup_rows": 55000,
  "max_cluster_size": 10,
  "n_clusters": 19,
  "cluster_sizes": [
    10,
    10,
    10,
    3,
    10,
    10,
    10,
    4,
    10,
    5,
    10,
    7,
    10,
    1,
    1,
    1,
    1,
    1,
    1
  ],
  "phase_fm_rows": 5000,
  "phase_ad_rows": 50000,
  "phase_exec_rows": 758238,
  "phi_train_max": 0.612018
}